id,Fragment,nodes,edges,s_abs,s_rel,c_abs,c_rel
1,F-C(=C)=C-C=C=C,7,6,110,10.119596,1,0.41152263
2,F-C(=C)=C-C=C,6,5,128,11.775529,4,1.6460905
3,F-C1=C=C=C(-O-C)=C(-C2=C=C=N=C3=N=C(-C-C-C)=C=C=3=2)=C=1,21,23,151,13.891444,1,0.41152263
4,F-C1=C=C=C(-O-C)=C(-C2=C=C=N=C3=N=C(-C-C)=C=C=3=2)=C=1,20,22,163,14.9954,1,0.41152263
5,F-C1=C=C=C(-O-C)=C(-C2=C=C=N=C=C=2)=C=1,15,16,164,15.087397,1,0.41152263
6,F-C1=C=C=C2-N(-C-C3=C(-C(-C-C-N)=C-C)=N=C4=N=C=C=C(-C=2=C=1)=C=4=3)-C,25,28,110,10.119596,4,1.6460905
7,F-C1=C=C=C2-N(-C-C3=C(-C(-C-C)=C-C)=N=C4=N=C=C=C(-C=2=C=1)=C=4=3)-C,24,27,135,12.419503,4,1.6460905
8,F-C1=C=C=C2-N(-C-C3=C(-C(-C-C-N-C)=C)=N=C4=N=C=C=C(-C=2=C=1)=C=4=3)-C,25,28,110,10.119596,4,1.6460905
9,F-C1=C=C=C2-N(-C-C3=C(-C(-C)=C-C)=N=C4=N=C=C=C(-C=2=C=1)=C=4=3)-C,23,26,144,13.24747,4,1.6460905
10,F-C1=C=C=C(-N(-C)-C)=C(-C2=C=C=N=C3=N=C(-C(-C-C-N)=C-C)=C=C=3=2)=C=1,25,27,114,10.48758,4,1.6460905
11,F-C1=C=C=C(-N(-C)-C)=C(-C2=C=C=N=C3=N=C(-C(-C-C)=C-C)=C=C=3=2)=C=1,24,26,139,12.787489,4,1.6460905
12,F-C1=C=C=C(-N(-C)-C)=C(-C2=C=C=N=C3=N=C(-C(-C-C-N-C)=C)=C=C=3=2)=C=1,25,27,114,10.48758,4,1.6460905
13,F-C1=C=C=C(-N(-C)-C)=C(-C2=C=C=N=C3=N=C(-C(-C)=C-C)=C=C=3=2)=C=1,23,25,148,13.615456,4,1.6460905
14,F-C1=C=C=C2-N-C-C3=C(-C(-C-C-N)=C-C)=N=C4=N=C=C=C(-C=2=C=1)=C=4=3,24,27,111,10.211592,4,1.6460905
15,F-C1=C=C=C2-N-C-C3=C(-C(-C-C)=C-C)=N=C4=N=C=C=C(-C=2=C=1)=C=4=3,23,26,136,12.511499,4,1.6460905
16,F-C1=C=C=C2-N-C-C3=C(-C(-C-C-N-C)=C)=N=C4=N=C=C=C(-C=2=C=1)=C=4=3,24,27,111,10.211592,4,1.6460905
17,F-C1=C=C=C2-N-C-C3=C(-C(-C)=C-C)=N=C4=N=C=C=C(-C=2=C=1)=C=4=3,22,25,145,13.339466,4,1.6460905
18,F-C1=C=C=C(-N-C)=C(-C2=C=C=N=C3=N=C(-C(-C-C-N)=C-C)=C(-C)=C=3=2)=C=1,25,27,114,10.48758,4,1.6460905
19,F-C1=C=C=C(-N-C)=C(-C2=C=C=N=C3=N=C(-C(-C-C)=C-C)=C(-C)=C=3=2)=C=1,24,26,139,12.787489,4,1.6460905
20,F-C1=C=C=C(-N-C)=C(-C2=C=C=N=C3=N=C(-C(-C-C-N-C)=C)=C(-C)=C=3=2)=C=1,25,27,114,10.48758,4,1.6460905
21,F-C1=C=C=C(-N-C)=C(-C2=C=C=N=C3=N=C(-C(-C)=C-C)=C(-C)=C=3=2)=C=1,23,25,148,13.615456,4,1.6460905
22,F-C1=C=C=C(-N-C)=C(-C2=C=C=N=C3=N=C(-C4-C-C-N-C-C=4)=C=C=3=2)=C=1,24,27,109,10.027599,4,1.6460905
23,F-C1=C=C=C(-N-C)=C(-C2=C=C=N=C3=N=C(-C(-C-C-N)=C-C)=C=C=3=2)=C=1,24,26,115,10.5795765,4,1.6460905
24,F-C1=C=C=C(-N-C)=C(-C2=C=C=N=C3=N=C(-C(-C-C)=C-C)=C=C=3=2)=C=1,23,25,140,12.879485,4,1.6460905
25,F-C1=C=C=C(-N-C)=C(-C2=C=C=N=C3=N=C(-C(-C-C-N-C)=C)=C=C=3=2)=C=1,24,26,115,10.5795765,4,1.6460905
26,F-C1=C=C=C(-N-C)=C(-C2=C=C=N=C3=N=C(-C(-C)=C-C)=C=C=3=2)=C=1,22,24,149,13.707452,4,1.6460905
27,F-C1=C=C=C(-N)=C(-C2=C=C=N=C3=N=C(-C4-C-C-N-C-C=4)=C(-C)=C=3=2)=C=1,24,27,109,10.027599,4,1.6460905
28,F-C1=C=C=C(-N)=C(-C2=C=C=N=C3=N=C(-C(-C-C-N)=C-C)=C(-C)=C=3=2)=C=1,24,26,115,10.5795765,4,1.6460905
29,F-C1=C=C=C(-N)=C(-C2=C=C=N=C3=N=C(-C(-C-C)=C-C)=C(-C)=C=3=2)=C=1,23,25,140,12.879485,4,1.6460905
30,F-C1=C=C=C(-N)=C(-C2=C=C=N=C3=N=C(-C(-C-C-N-C)=C)=C(-C)=C=3=2)=C=1,24,26,115,10.5795765,4,1.6460905
31,F-C1=C=C=C(-N)=C(-C2=C=C=N=C3=N=C(-C(-C)=C-C)=C(-C)=C=3=2)=C=1,22,24,149,13.707452,4,1.6460905
32,F-C1=C=C=C(-N(-C-C)-C)=C(-C2=C=C=N=C(=N=C-C(-C-C-N)=C-C)=C=2)=C=1,25,26,114,10.48758,4,1.6460905
33,F-C1=C=C=C(-N(-C-C)-C)=C(-C2=C=C=N=C(=N=C-C(-C-C)=C-C)=C=2)=C=1,24,25,139,12.787489,4,1.6460905
34,F-C1=C=C=C(-N(-C-C)-C)=C(-C2=C=C=N=C(=N=C-C(-C-C-N-C)=C)=C=2)=C=1,25,26,114,10.48758,4,1.6460905
35,F-C1=C=C=C(-N(-C-C)-C)=C(-C2=C=C=N=C(=N=C-C(-C)=C-C)=C=2)=C=1,23,24,148,13.615456,4,1.6460905
36,F-C1=C=C=C(-N-C-C)=C(-C2=C=C=N=C(=N=C-C3-C-C-N-C-C=3)=C=2)=C=1,24,26,109,10.027599,4,1.6460905
37,F-C1=C=C=C(-N-C-C)=C(-C2=C=C=N=C(=N=C-C(-C-C-N)=C-C)=C=2)=C=1,24,25,115,10.5795765,4,1.6460905
38,F-C1=C=C=C(-N-C-C)=C(-C2=C=C=N=C(=N=C-C(-C-C)=C-C)=C=2)=C=1,23,24,140,12.879485,4,1.6460905
39,F-C1=C=C=C(-N-C-C)=C(-C2=C=C=N=C(=N=C-C(-C-C-N-C)=C)=C=2)=C=1,24,25,115,10.5795765,4,1.6460905
40,F-C1=C=C=C(-N-C-C)=C(-C2=C=C=N=C(=N=C-C(-C)=C-C)=C=2)=C=1,22,23,149,13.707452,4,1.6460905
41,F-C1=C=C=C=C(-C2=C=C=N=C3=N=C(-C4-C-C-N-C-C=4)=C(-C)=C=3=2)=C=1,23,26,121,11.131555,4,1.6460905
42,F-C1=C=C=C=C(-C2=C=C=N=C3=N=C(-C(-C-C-N)=C-C)=C(-C)=C=3=2)=C=1,23,25,127,11.683533,4,1.6460905
43,F-C1=C=C=C=C(-C2=C=C=N=C3=N=C(-C(-C-C)=C-C)=C(-C)=C=3=2)=C=1,22,24,152,13.98344,4,1.6460905
44,F-C1=C=C=C=C(-C2=C=C=N=C3=N=C(-C(-C-C-N-C)=C)=C(-C)=C=3=2)=C=1,23,25,127,11.683533,4,1.6460905
45,F-C1=C=C=C=C(-C2=C=C=N=C3=N=C(-C(-C)=C-C)=C(-C)=C=3=2)=C=1,21,23,161,14.811407,4,1.6460905
46,F-C1=C=C=C=C(-C2=C=C=N=C3=N=C(-C4-C-C-N(-C-C=4)-C-C)=C=C=3=2)=C=1,24,27,111,10.211592,3,1.2345679
47,F-C1=C=C=C=C(-C2=C=C=N=C3=N=C(-C4-C-C-N(-C-C=4)-C)=C=C=3=2)=C=1,23,26,128,11.775529,4,1.6460905
48,F-C1=C=C=C=C(-C2=C=C=N=C3=N=C(-C4-C-C-N-C-C=4)=C=C=3=2)=C=1,22,25,172,15.823367,4,1.6460905
49,F-C1=C=C=C=C(-C2=C=C=N=C3=N=C(-C(-C-C-N-C-C)=C-C)=C=C=3=2)=C=1,24,26,115,10.5795765,3,1.2345679
50,F-C1=C=C=C=C(-C2=C=C=N=C3=N=C(-C(-C-C-N-C)=C-C)=C=C=3=2)=C=1,23,25,134,12.327507,4,1.6460905
51,F-C1=C=C=C=C(-C2=C=C=N=C3=N=C(-C(-C-C-N)=C-C)=C=C=3=2)=C=1,22,24,178,16.375345,4,1.6460905
52,F-C1=C=C=C=C(-C2=C=C=N=C3=N=C(-C(-C-C)=C-C-N-C)=C=C=3=2)=C=1,23,25,130,11.959521,4,1.6460905
53,F-C1=C=C=C=C(-C2=C=C=N=C3=N=C(-C(-C-C)=C-C)=C=C=3=2)=C=1,21,23,226,20.791168,4,1.6460905
54,F-C1=C=C=C=C(-C2=C=C=N=C3=N=C(-C(-C-C-N(-C-C)-C)=C)=C=C=3=2)=C=1,24,26,120,11.039558,3,1.2345679
55,F-C1=C=C=C=C(-C2=C=C=N=C3=N=C(-C(-C-C-N(-C)-C)=C)=C=C=3=2)=C=1,23,25,132,12.143515,4,1.6460905
56,F-C1=C=C=C=C(-C2=C=C=N=C3=N=C(-C(-C-C-N-C-C)=C)=C=C=3=2)=C=1,23,25,131,12.0515175,3,1.2345679
57,F-C1=C=C=C=C(-C2=C=C=N=C3=N=C(-C(-C-C-N-C)=C)=C=C=3=2)=C=1,22,24,178,16.375345,4,1.6460905
58,F-C1=C=C=C=C(-C2=C=C=N=C3=N=C(-C(-C)=C-C-N(-C)-C-C)=C=C=3=2)=C=1,24,26,114,10.48758,3,1.2345679
59,F-C1=C=C=C=C(-C2=C=C=N=C3=N=C(-C(-C)=C-C-N-C-C)=C=C=3=2)=C=1,23,25,120,11.039558,3,1.2345679
60,F-C1=C=C=C=C(-C2=C=C=N=C3=N=C(-C(-C)=C-C)=C=C=3=2)=C=1,20,22,235,21.619135,4,1.6460905
61,F-C1=C=C=C=C(-C2=C=C=N=C3=N=C(-C-C-C-N(-C-C)-C-C)=C=C=3=2)=C=1,24,26,139,12.787489,4,1.6460905
62,F-C1=C=C=C(-O-C)=C(-C=C=C=N=C=N)=C=1,15,15,173,15.915363,1,0.41152263
63,F-C1=C=C=C(-O-C)=C(-C=C=C=N=C)=C=1,14,14,174,16.00736,1,0.41152263
64,F-C1=C=C=C(-O-C)=C(-C)=C=1,10,10,175,16.099356,1,0.41152263
65,F-C1=C=C=C(-O)=C(-C)=C=1,9,9,177,16.283348,1,0.41152263
66,F-C=C=C=C(-O-C)=C-C1=C=C=N=C2=N=C(-C-C-C)=C=C=2=1,20,21,152,13.98344,1,0.41152263
67,F-C=C=C=C(-O-C)=C-C1=C=C=N=C2=N=C(-C-C)=C=C=2=1,19,20,164,15.087397,1,0.41152263
68,F-C=C=C=C(-O-C)=C-C1=C=C=N=C=C=1,14,14,165,15.179393,1,0.41152263
69,F-C=C=C=C(-O-C)=C-C=C=C=N=C=N,14,13,174,16.00736,1,0.41152263
70,F-C=C=C=C(-O-C)=C-C=C=C=N=C,13,12,175,16.099356,1,0.41152263
71,F-C=C=C=C(-O-C)=C-C,9,8,176,16.191353,1,0.41152263
72,F-C=C=C=C(-O)=C-C,8,7,178,16.375345,1,0.41152263
73,F-C=C=C=C=C-C1=C=C=N=C2=N=C(-C3-C-C-N-C-C=3)=C=C=2=1,21,23,174,16.00736,4,1.6460905
74,F-C=C=C=C=C-C1=C=C=N=C2=N=C(-C(-C-C-N)=C-C)=C=C=2=1,21,22,180,16.559338,4,1.6460905
75,F-C=C=C=C=C-C1=C=C=N=C2=N=C(-C(-C-C)=C-C)=C=C=2=1,20,21,228,20.97516,4,1.6460905
76,F-C=C=C=C=C-C1=C=C=N=C2=N=C(-C(-C-C-N-C)=C)=C=C=2=1,21,22,180,16.559338,4,1.6460905
77,F-C=C=C=C=C-C1=C=C=N=C2=N=C(-C(-C)=C-C)=C=C=2=1,19,20,237,21.803127,4,1.6460905
78,O(-C)-C1=C=C=C=C=C=1-C1=C2=C=C(-C-C-C-N-C-C)=N=C=2=N=C=C=1,23,25,110,10.119596,0,0
79,O(-C)-C1=C=C=C=C=C=1-C1=C2=C=C(-C-C-C-N-C)=N=C=2=N=C=C=1,22,24,115,10.5795765,0,0
80,O(-C)-C1=C=C=C=C=C=1-C1=C2=C=C(-C-C-C-N)=N=C=2=N=C=C=1,21,23,116,10.671573,0,0
81,O(-C)-C1=C=C=C=C=C=1-C1=C2=C=C(-C-C-C)=N=C=2=N=C=C=1,20,22,164,15.087397,2,0.82304525
82,O(-C)-C1=C=C=C=C=C=1-C1=C2=C=C(-C-C)=N=C=2=N=C=C=1,19,21,180,16.559338,2,0.82304525
83,O(-C)-C1=C=C=C=C=C=1-C1=C=C=N=C=C=1,14,15,185,17.01932,2,0.82304525
84,O(-C)-C1=C=C=C=C=C=1-C(=C=C=C-C)=C,14,14,181,16.651335,2,0.82304525
85,O(-C)-C1=C=C=C=C=C=1-C(=C=C=C=N=C)=C,15,15,181,16.651335,2,0.82304525
86,O(-C)-C1=C=C=C=C=C=1-C(=C=C)=C,12,12,186,17.111315,2,0.82304525
87,O(-C)-C(=C=C)=C(-C1=C2=C=C(-C-C-C-N-C-C)=N=C=2=N=C=C=1)=C,22,23,110,10.119596,1,0.41152263
88,O(-C)-C(=C=C)=C(-C1=C2=C=C(-C-C-C-N-C)=N=C=2=N=C=C=1)=C,21,22,115,10.5795765,1,0.41152263
89,O(-C)-C(=C=C)=C(-C1=C2=C=C(-C-C-C-N)=N=C=2=N=C=C=1)=C,20,21,116,10.671573,1,0.41152263
90,O(-C)-C(=C=C)=C(-C1=C2=C=C(-C-C-C)=N=C=2=N=C=C=1)=C,19,20,164,15.087397,3,1.2345679
91,O(-C)-C(=C=C)=C(-C1=C2=C=C(-C-C)=N=C=2=N=C=C=1)=C,18,19,180,16.559338,3,1.2345679
92,O(-C)-C(=C=C)=C(-C1=C=C=N=C=C=1)=C,13,13,185,17.01932,3,1.2345679
93,O(-C)-C(=C=C)=C(-C(=C=C=C-C)=C)=C,13,12,181,16.651335,3,1.2345679
94,O(-C)-C(=C=C)=C(-C(=C=C=C=N=C)=C)=C,14,13,181,16.651335,3,1.2345679
95,O(-C)-C(=C=C)=C(-C(=C=C)=C)=C,11,10,186,17.111315,3,1.2345679
96,O(-C)-C(=C=C=C)=C-C1=C2=C=C(-C-C-C-N-C-C)=N=C=2=N=C=C=1,22,23,112,10.303588,1,0.41152263
97,O(-C)-C(=C=C=C)=C-C1=C2=C=C(-C-C-C-N-C)=N=C=2=N=C=C=1,21,22,117,10.76357,1,0.41152263
98,O(-C)-C(=C=C=C)=C-C1=C2=C=C(-C-C-C-N)=N=C=2=N=C=C=1,20,21,118,10.855566,1,0.41152263
99,O(-C)-C(=C=C=C)=C-C1=C2=C=C(-C-C-C)=N=C=2=N=C=C=1,19,20,167,15.363385,4,1.6460905
100,O(-C)-C(=C=C=C)=C-C1=C2=C=C(-C-C)=N=C=2=N=C=C=1,18,19,183,16.835327,4,1.6460905
101,O(-C)-C(=C=C=C)=C-C1=C=C=N=C=C=1,13,13,188,17.29531,4,1.6460905
102,O(-C)-C(=C=C=C)=C-C(=C=C=C-C)=C,13,12,184,16.927322,4,1.6460905
103,O(-C)-C(=C=C=C)=C-C(=C=C=C=N=C)=C,14,13,184,16.927322,4,1.6460905
104,O(-C)-C(=C=C=C)=C-C(=C=C)=C,11,10,189,17.387304,4,1.6460905
105,O(-C)-C(=C=C)=C-C1=C2=C=C(-C-C-C-N-C-C)=N=C=2=N=C=C=1,21,22,112,10.303588,2,0.82304525
106,O(-C)-C(=C=C)=C-C1=C2=C=C(-C-C-C-N-C)=N=C=2=N=C=C=1,20,21,117,10.76357,2,0.82304525
107,O(-C)-C(=C=C)=C-C1=C2=C=C(-C-C-C-N)=N=C=2=N=C=C=1,19,20,118,10.855566,2,0.82304525
108,O-C1=C=C=C=C=C=1-C(=C=C=C=N)=C,13,13,181,16.651335,3,1.2345679
109,O-C1=C=C=C=C=C=1-C(=C=C)=C,11,11,186,17.111315,3,1.2345679
110,O-C(=C=C)=C(-C(=C=C=C=N)=C)=C,12,11,181,16.651335,4,1.6460905
111,O-C(=C=C)=C(-C(=C=C)=C)=C,10,9,186,17.111315,4,1.6460905
112,O-C1=C=C=C=C=C=1-C=C=C=C-C,12,12,182,16.74333,2,0.82304525
113,O-C1=C=C=C=C=C=1-C=C=C=C=N=C,13,13,181,16.651335,3,1.2345679
114,O-C1=C=C=C=C=C=1-C=C=C=C,11,11,182,16.74333,3,1.2345679
115,O-C(=C=C)=C(-C=C=C=C-C)=C,11,10,182,16.74333,3,1.2345679
116,O-C(=C=C)=C(-C=C=C=C=N=C)=C,12,11,181,16.651335,4,1.6460905
117,O-C(=C=C)=C(-C=C=C=C)=C,10,9,182,16.74333,4,1.6460905
118,O-C(=C=C=C)=C-C=C=C=C-C,11,10,185,17.01932,4,1.6460905
119,O-C=C(-C=C=C=C=N)=C=C=C=C,12,11,181,16.651335,4,1.6460905
120,O-C=C(-C=C=C=C)=C=C=C=C,11,10,182,16.74333,4,1.6460905
121,O=C(-C-N)-N(-C)-C,7,6,109,10.027599,2,0.82304525
122,O=C(-C-N-C-C)-N-C,8,7,110,10.119596,2,0.82304525
123,O=C(-C-N-C)-N-C,7,6,111,10.211592,2,0.82304525
124,O=C(-C-N(-C-C)-C)-N,8,7,109,10.027599,2,0.82304525
125,O=C(-C-N(-C)-C-C)-N,8,7,109,10.027599,2,0.82304525
126,O=C(-C-N(-C)-C)-N,7,6,110,10.119596,2,0.82304525
127,O=C(-C-N-C-C-C)-N,8,7,110,10.119596,2,0.82304525
128,O=C(-C-N-C-C)-N,7,6,112,10.303588,2,0.82304525
129,O=C(-C-N-C)-N,6,5,113,10.395584,2,0.82304525
130,O=C-C-N(-C-C-C-C=C)-C-C,11,10,109,10.027599,4,1.6460905
131,O=C-C-N(-C-C)-C-C-C,9,8,120,11.039558,4,1.6460905
132,O=C-C-N(-C-C)-C-C,8,7,121,11.131555,4,1.6460905
133,O=C-C-N(-C-C-C-C)-C,9,8,111,10.211592,4,1.6460905
134,O=C-C-N(-C-C)-C,7,6,122,11.223551,4,1.6460905
135,O=C-C-N(-C)-C,6,5,125,11.49954,4,1.6460905
136,O=C-C-N-C-C-C-C=C,9,8,121,11.131555,4,1.6460905
137,O=C-C-N-C-C-C-C,8,7,124,11.407544,4,1.6460905
138,O=C-C-N-C-C-C=C-C,9,8,114,10.48758,3,1.2345679
139,O=C-C-N-C-C-C,7,6,135,12.419503,4,1.6460905
140,O=C-C-N-C-C,6,5,137,12.603496,4,1.6460905
141,N(-C-C-N(-C)-C)(-C-C)-C-C-C,11,10,109,10.027599,3,1.2345679
142,N(-C-C-C-C)(-C-C-N)-C-C,10,9,109,10.027599,4,1.6460905
143,N(-C-C-N(-C)-C)(-C-C)-C-C,10,9,112,10.303588,4,1.6460905
144,N1(-C-C-C(-C2=N=C3=N=C=C=C(-C4=C=C=C=C=C=4)=C=3=C=2)=C-C-1)-C-C,23,26,117,10.76357,3,1.2345679
145,N1(-C-C-C(-C2=N=C3=N=C=C=C(-C(=C=C=C)=C)=C=3=C=2)=C-C-1)-C-C,22,24,118,10.855566,3,1.2345679
146,N1(-C-C-C(-C2=N=C3=N=C=C=C(-C=C)=C=3=C=2)=C-C-1)-C-C,19,21,122,11.223551,3,1.2345679
147,N1(-C-C=C-C-C-1)-C-C,8,8,133,12.235511,3,1.2345679
148,N(-C-C-C-C1=N=C2=N=C=C=C(-C3=C=C=C=C=C=3)=C=2=C=1)(-C-C)-C-C,23,25,146,13.431462,4,1.6460905
149,N(-C-C-C-C1=N=C2=N=C=C=C(-C(=C=C=C)=C)=C=2=C=1)(-C-C)-C-C,22,23,147,13.523459,4,1.6460905
150,N(-C-C-C-C1=N=C2=N=C=C=C(-C=C=C=C=C)=C=2=C=1)(-C-C)-C-C,22,23,147,13.523459,4,1.6460905
151,N(-C-C-C-C1=N=C2=N=C=C=C(-C=C=C=C)=C=2=C=1)(-C-C)-C-C,21,22,148,13.615456,4,1.6460905
152,N(-C-C-C-C1=N=C2=N=C=C=C(-C=C)=C=2=C=1)(-C-C)-C-C,19,20,163,14.9954,4,1.6460905
153,N(-C-C-C-C=C)(-C-C)-C-C,10,9,180,16.559338,4,1.6460905
154,N(-C-C)(-C-C=C-C=N=C=C)-C-C,12,11,124,11.407544,4,1.6460905
155,N(-C-C-C-C)(-C-C-N-C)-C,10,9,111,10.211592,4,1.6460905
156,N(-C-C-C-C=C)(-C-C-N)-C,10,9,111,10.211592,2,0.82304525
157,N(-C-C-C-C)(-C-C-N)-C,9,8,115,10.5795765,4,1.6460905
158,N1(-C-C-C(-C-C-1)-C=C=C=C=C=C)-C,13,13,117,10.76357,3,1.2345679
159,N1(-C-C-C(-C-C-1)-C)-C,8,8,118,10.855566,4,1.6460905
160,N(-C-C-C)(-C-C-C)-C,8,7,117,10.76357,3,1.2345679
161,N1(-C-C=C(-C-C-1)-C1=C=C2=C(-C3=C=C=C=C=C=3)=C=C=N=C=2=N=1)-C,22,25,134,12.327507,4,1.6460905
162,N1(-C-C=C(-C-C-1)-C1=C=C2=C(-C(=C=C=C)=C)=C=C=N=C=2=N=1)-C,21,23,136,12.511499,4,1.6460905
163,N1(-C-C=C(-C-C-1)-C1=C=C2=C(-C(=C)=C=C=C)=C=C=N=C=2=N=1)-C,21,23,136,12.511499,4,1.6460905
164,N1(-C-C=C(-C-C-1)-C1=C=C2=C(-C=C)=C=C=N=C=2=N=1)-C,18,20,142,13.0634775,4,1.6460905
165,N1(-C-C=C-C-C-1)-C,7,7,154,14.167434,4,1.6460905
166,N(-C-C-C(-C1=N=C2=N=C=C=C(-C3=C=C=C=C=C=3)=C=2=C=1)=C)(-C-C)-C,23,25,126,11.5915365,3,1.2345679
167,N(-C-C-C(-C1=N=C2=N=C=C=C(-C(=C=C=C)=C)=C=2=C=1)=C)(-C-C)-C,22,23,127,11.683533,3,1.2345679
168,N(-C-C-C(-C1=N=C2=N=C=C=C(-C=C)=C=2=C=1)=C)(-C-C)-C,19,20,131,12.0515175,3,1.2345679
169,N(-C)(-C-C=C(-C1=N=C2=N=C=C=C(-C3=C=C=C=C=C=3)=C=2=C=1)-C)-C-C,23,25,120,11.039558,3,1.2345679
170,N(-C)(-C-C=C(-C1=N=C2=N=C=C=C(-C(=C=C=C)=C)=C=2=C=1)-C)-C-C,22,23,121,11.131555,3,1.2345679
171,N(-C)(-C-C=C(-C1=N=C2=N=C=C=C(-C=C)=C=2=C=1)-C)-C-C,19,20,125,11.49954,3,1.2345679
172,N(-C)(-C-C=C(-C=C)-C)-C-C,10,9,126,11.5915365,3,1.2345679
173,N(-C-C=C-C=C)(-C)-C-C,9,8,146,13.431462,4,1.6460905
174,N1(-C-C2=C3=C(=N=C=C=C=3-C3=C=C=C=C=C-1=3)=N=C=2-C1-C-C-N-C-C=1)-C,24,28,114,10.48758,4,1.6460905
175,N1(-C-C2=C3=C(=N=C=C=C=3-C3=C=C=C=C=C-1=3)=N=C=2-C(-C-C-N)=C-C)-C,24,27,120,11.039558,4,1.6460905
176,N1(-C-C2=C3=C(=N=C=C=C=3-C3=C=C=C=C=C-1=3)=N=C=2-C(-C-C)=C-C)-C,23,26,145,13.339466,4,1.6460905
177,N1(-C-C2=C3=C(=N=C=C=C=3-C3=C=C=C=C=C-1=3)=N=C=2-C(-C-C-N-C)=C)-C,24,27,120,11.039558,4,1.6460905
178,N1(-C-C2=C3=C(=N=C=C=C=3-C3=C=C=C=C=C-1=3)=N=C=2-C(-C)=C-C)-C,22,25,154,14.167434,4,1.6460905
179,N(-C-C)(-C)-C1=C(-C2=C=C=N=C(=N=C-C3-C-C-N-C-C=3)=C=2)=C=C=C=C=1,24,26,118,10.855566,4,1.6460905
180,N(-C-C)(-C)-C1=C(-C2=C=C=N=C(=N=C-C(-C-C-N)=C-C)=C=2)=C=C=C=C=1,24,25,124,11.407544,4,1.6460905
181,N(-C-C)(-C)-C1=C(-C2=C=C=N=C(=N=C-C(-C-C)=C-C)=C=2)=C=C=C=C=1,23,24,149,13.707452,4,1.6460905
182,N(-C-C)(-C)-C1=C(-C2=C=C=N=C(=N=C-C(-C-C-N-C)=C)=C=2)=C=C=C=C=1,24,25,124,11.407544,4,1.6460905
183,N(-C-C)(-C)-C1=C(-C2=C=C=N=C(=N=C-C(-C)=C-C)=C=2)=C=C=C=C=1,22,23,158,14.5354185,4,1.6460905
184,N1(-C-C2=C3=C(=N=C=C=C=3-C(=C=C=C)=C-1)=N=C=2-C1-C-C-N-C-C=1)-C,23,26,118,10.855566,4,1.6460905
185,N1(-C-C2=C3=C(=N=C=C=C=3-C(=C=C=C)=C-1)=N=C=2-C(-C-C-N)=C-C)-C,23,25,124,11.407544,4,1.6460905
186,N1(-C-C2=C3=C(=N=C=C=C=3-C(=C=C=C)=C-1)=N=C=2-C(-C-C)=C-C)-C,22,24,149,13.707452,4,1.6460905
187,N1(-C-C2=C3=C(=N=C=C=C=3-C(=C=C=C)=C-1)=N=C=2-C(-C-C-N-C)=C)-C,23,25,124,11.407544,4,1.6460905
188,N1(-C-C2=C3=C(=N=C=C=C=3-C(=C=C=C)=C-1)=N=C=2-C(-C)=C-C)-C,21,23,158,14.5354185,4,1.6460905
189,N(-C-C)(-C)-C=C(-C1=C=C=N=C(=N=C-C2-C-C-N-C-C=2)=C=1)=C=C=C,23,24,122,11.223551,4,1.6460905
190,N(-C-C)(-C)-C=C(-C1=C=C=N=C(=N=C-C(-C-C-N)=C-C)=C=1)=C=C=C,23,23,128,11.775529,4,1.6460905
191,N(-C-C)(-C)-C=C(-C1=C=C=N=C(=N=C-C(-C-C)=C-C)=C=1)=C=C=C,22,22,153,14.075437,4,1.6460905
192,N(-C-C)(-C)-C=C(-C1=C=C=N=C(=N=C-C(-C-C-N-C)=C)=C=1)=C=C=C,23,23,128,11.775529,4,1.6460905
193,N(-C-C)(-C)-C=C(-C1=C=C=N=C(=N=C-C(-C)=C-C)=C=1)=C=C=C,21,21,162,14.903404,4,1.6460905
194,N(-C-C-C(-C)-C)(-C)-C,8,7,124,11.407544,4,1.6460905
195,N(-C)(-C)-C-C-C(-C1=C=C2=C(-C3=C=C=C=C=C=3)=C=C=N=C=2=N=1)=C,22,24,138,12.695492,4,1.6460905
196,N(-C)(-C)-C-C-C(-C1=C=C2=C(-C(=C=C=C)=C)=C=C=N=C=2=N=1)=C,21,22,140,12.879485,4,1.6460905
197,N(-C)(-C)-C-C-C(-C1=C=C2=C(-C(=C)=C=C=C)=C=C=N=C=2=N=1)=C,21,22,140,12.879485,4,1.6460905
198,N(-C)(-C)-C-C-C(-C1=C=C2=C(-C=C)=C=C=N=C=2=N=1)=C,18,19,146,13.431462,4,1.6460905
199,N(-C-C=C(-C)-C=C)(-C)-C,9,8,143,13.155474,4,1.6460905
200,N(-C)(-C-C=C-C=C-C)-C,9,8,168,15.455381,4,1.6460905
201,N(-C-C=C-C=C=C=C(-C)=C=C)(-C)-C,13,12,144,13.24747,4,1.6460905
202,N(-C-C=C-C=C=C=C=N=C)(-C)-C,12,11,144,13.24747,4,1.6460905
203,N(-C-C=C-C=C=C=C=C=C)(-C)-C,12,11,146,13.431462,4,1.6460905
204,N(-C-C=C-C=C=C=C)(-C)-C,10,9,148,13.615456,4,1.6460905
205,N(-C-C=C-C=C=C)(-C)-C,9,8,149,13.707452,4,1.6460905
206,N(-C)(-C)-C1=C(-C2=C=C=N=C3=N=C(-C4-C-C-N-C-C=4)=C=C=3=2)=C=C=C=C=1,24,27,118,10.855566,4,1.6460905
207,N(-C)(-C)-C1=C(-C2=C=C=N=C3=N=C(-C(-C-C-N)=C-C)=C=C=3=2)=C=C=C=C=1,24,26,124,11.407544,4,1.6460905
208,N(-C)(-C)-C1=C(-C2=C=C=N=C3=N=C(-C(-C-C)=C-C)=C=C=3=2)=C=C=C=C=1,23,25,149,13.707452,4,1.6460905
209,N(-C)(-C)-C1=C(-C2=C=C=N=C3=N=C(-C(-C-C-N-C)=C)=C=C=3=2)=C=C=C=C=1,24,26,124,11.407544,4,1.6460905
210,N(-C)(-C)-C1=C(-C2=C=C=N=C3=N=C(-C(-C)=C-C)=C=C=3=2)=C=C=C=C=1,22,24,158,14.5354185,4,1.6460905
211,N(-C)(-C)-C=C(-C1=C=C=N=C2=N=C(-C3-C-C-N-C-C=3)=C=C=2=1)=C=C=C,23,25,122,11.223551,4,1.6460905
212,N(-C)(-C)-C=C(-C1=C=C=N=C2=N=C(-C(-C-C-N)=C-C)=C=C=2=1)=C=C=C,23,24,128,11.775529,4,1.6460905
213,N(-C)(-C)-C=C(-C1=C=C=N=C2=N=C(-C(-C-C)=C-C)=C=C=2=1)=C=C=C,22,23,153,14.075437,4,1.6460905
214,N(-C)(-C)-C=C(-C1=C=C=N=C2=N=C(-C(-C-C-N-C)=C)=C=C=2=1)=C=C=C,23,24,128,11.775529,4,1.6460905
215,N(-C)(-C)-C=C(-C1=C=C=N=C2=N=C(-C(-C)=C-C)=C=C=2=1)=C=C=C,21,22,162,14.903404,4,1.6460905
216,N(-C(-C-C-C)-C-C)-C-C,9,8,110,10.119596,4,1.6460905
217,N(-C(-C-C)-C-C)-C-C,8,7,119,10.947562,4,1.6460905
218,N(-C(-C)-C)-C-C-C,7,6,109,10.027599,3,1.2345679
219,N(-C-C-C-C)-C-C-C,8,7,133,12.235511,2,0.82304525
220,N1-C-C-C(-C2=N=C3=N=C=C=C4-C5=C=C=C=C=C=5-N-C-C=2=C=4=3)=C-C-1,23,27,115,10.5795765,4,1.6460905
221,N1-C-C-C(-C2=N=C3=N=C=C=C4-C(=C=C=C)=C-N-C-C=2=C=4=3)=C-C-1,22,25,119,10.947562,4,1.6460905
222,N1-C-C-C(-C2=N=C3=N=C=C=C(-C4=C=C=C=C=C=4-N-C)=C=3=C=2-C)=C-C-1,24,27,118,10.855566,4,1.6460905
223,N1-C-C-C(-C2=N=C3=N=C=C=C(-C4=C=C=C=C=C=4-N)=C=3=C=2-C)=C-C-1,23,26,119,10.947562,4,1.6460905
224,N1-C-C-C(-C2=N=C3=N=C=C=C(-C(=C=C=C)=C-N-C)=C=3=C=2-C)=C-C-1,23,25,122,11.223551,4,1.6460905
225,N1-C-C-C(-C2=N=C3=N=C=C=C(-C(=C=C=C)=C-N)=C=3=C=2-C)=C-C-1,22,24,123,11.315547,4,1.6460905
226,N1-C-C-C(-C2=N=C3=N=C=C=C(-C4=C=C=C=C=C=4)=C=3=C=2-C)=C-C-1,22,25,131,12.0515175,4,1.6460905
227,N1-C-C-C(-C2=N=C3=N=C=C=C(-C(=C=C=C)=C)=C=3=C=2-C)=C-C-1,21,23,135,12.419503,4,1.6460905
228,N1-C-C-C(-C2=N=C3=N=C=C=C(-C4=C=C=C=C=C=4-N-C)=C=3=C=2)=C-C-1,23,26,119,10.947562,4,1.6460905
229,N1-C-C-C(-C2=N=C3=N=C=C=C(-C(=C=C=C)=C-N-C)=C=3=C=2)=C-C-1,22,24,123,11.315547,4,1.6460905
230,N1-C-C=C(-C-C-1)-C1=C=C2=C(-C3=C=C=C=C=C=3)=C=C=N=C=2=N=1,21,24,182,16.74333,4,1.6460905
231,N1-C-C=C(-C-C-1)-C1=C=C2=C(-C(=C=C=C)=C)=C=C=N=C=2=N=1,20,22,186,17.111315,4,1.6460905
232,N1-C-C=C(-C-C-1)-C1=C=C2=C(-C(=C)=C=C=C)=C=C=N=C=2=N=1,20,22,186,17.111315,4,1.6460905
233,N1-C-C=C(-C-C-1)-C1=N=C2=C(=C=1)=C(-C=C=C=C=C)=C=C=N=2,20,22,188,17.29531,4,1.6460905
234,N1-C-C=C(-C-C-1)-C1=N=C2=C(=C=1)=C(-C=C=C=C)=C=C=N=2,19,21,192,17.663294,4,1.6460905
235,N1-C-C=C(-C-C-1)-C1=N=C2=C(=C=1)=C(-C=C)=C=C=N=2,17,19,202,18.583256,4,1.6460905
236,N1-C-C-C(-C=N=C2=N=C=C=C(-C3=C=C=C=C=C=3-N-C-C)=C=2)=C-C-1,23,25,119,10.947562,4,1.6460905
237,N1-C-C-C(-C=N=C2=N=C=C=C(-C(=C=C=C)=C-N-C-C)=C=2)=C-C-1,22,23,123,11.315547,4,1.6460905
238,N1-C-C=C-C-C-1,6,6,225,20.699173,4,1.6460905
239,N(-C-C-C(-C1=N=C2=N=C=C=C(-C3=C=C=C=C=C=3)=C=2=C=1)=C-C)-C-C,23,25,121,11.131555,3,1.2345679
240,N(-C-C-C(-C1=N=C2=N=C=C=C(-C(=C=C=C)=C)=C=2=C=1)=C-C)-C-C,22,23,122,11.223551,3,1.2345679
241,N(-C-C-C(-C1=N=C2=N=C=C=C(-C=C)=C=2=C=1)=C-C)-C-C,19,20,126,11.5915365,3,1.2345679
242,N(-C-C-C(-C1=N=C2=N=C=C=C(-C3=C=C=C=C=C=3)=C=2=C=1)=C)-C-C,22,24,137,12.603496,3,1.2345679
243,N(-C-C-C(-C1=N=C2=N=C=C=C(-C(=C=C=C)=C)=C=2=C=1)=C)-C-C,21,22,138,12.695492,3,1.2345679
244,N(-C-C-C(-C1=N=C2=N=C=C=C(-C=C)=C=2=C=1)=C)-C-C,18,19,142,13.0634775,3,1.2345679
245,N(-C-C)-C-C-C=C-C,8,7,182,16.74333,3,1.2345679
246,N(-C-C=C(-C1=N=C2=N=C=C=C(-C3=C=C=C=C=C=3)=C=2=C=1)-C)-C-C,22,24,126,11.5915365,3,1.2345679
247,N(-C-C=C(-C1=N=C2=N=C=C=C(-C(=C=C=C)=C)=C=2=C=1)-C)-C-C,21,22,127,11.683533,3,1.2345679
248,N(-C-C=C(-C1=N=C2=N=C=C=C(-C=C)=C=2=C=1)-C)-C-C,18,19,131,12.0515175,3,1.2345679
249,N(-C-C=C(-C=C)-C)-C-C,9,8,132,12.143515,3,1.2345679
250,N(-C-C=C-C=C)-C-C,8,7,204,18.76725,4,1.6460905
251,N(-C(=N=C(-C1=C2=C=C(-C(-C-C)-C)=N=C=2=N=C=C=1)=C)=C)-C-C,21,22,117,10.76357,3,1.2345679
252,N(-C(=N=C(-C1=C2=C=C(-C-C-C-N)=N=C=2=N=C=C=1)=C)=C)-C-C,21,22,110,10.119596,1,0.41152263
253,N(-C(=N=C(-C1=C2=C=C(-C-C-C)=N=C=2=N=C=C=1)=C)=C)-C-C,20,21,131,12.0515175,4,1.6460905
254,N(-C(=N=C(-C1=C2=C=C(-C-C)=N=C=2=N=C=C=1)=C)=C)-C-C,19,20,132,12.143515,4,1.6460905
255,N(-C(=N=C(-C1=C=C=N=C=C=1)=C)=C)-C-C,14,14,133,12.235511,4,1.6460905
256,N(-C(=N=C-C)=C)-C-C,8,7,134,12.327507,4,1.6460905
257,N(-C=N=C(-C(=C(=C=C)=C=N)=C)=C=C)-C-C,15,14,109,10.027599,3,1.2345679
258,N(-C=N=C(-C(=C=C=N)=C)=C=C)-C-C,13,12,111,10.211592,3,1.2345679
259,N(-C=N=C(-C(=C=C=C)=C)=C=C)-C-C,13,12,111,10.211592,3,1.2345679
260,N(-C=N=C(-C(=C=C)=C)=C=C)-C-C,12,11,112,10.303588,3,1.2345679
261,N(-C=N=C(-C(=C(=C=C)=C(=N=C)=N)=C)=C)-C-C,16,15,140,12.879485,4,1.6460905
262,N(-C=N=C(-C(=C(=C=C)=C=N)=C)=C)-C-C,14,13,144,13.24747,4,1.6460905
263,N(-C=N=C(-C(=C=C=C(-C(-C)-C)=N)=C=C)=C)-C-C,17,16,118,10.855566,3,1.2345679
264,N(-C=N=C(-C(=C=C=C(-C-C)=N)=C=C)=C)-C-C,16,15,133,12.235511,4,1.6460905
265,N(-C=N=C(-C(=C=C(=N)=N=C=C)=C)=C)-C-C,15,14,140,12.879485,4,1.6460905
266,N(-C=N=C(-C(=C=C=C)=C)=C)-C-C,12,11,146,13.431462,4,1.6460905
267,N(-C=N=C(-C=C(=C=C)=C=N=C)=C=C)-C-C,15,14,109,10.027599,3,1.2345679
268,N(-C=N=C(-C=C(=C=C)=C=N)=C=C)-C-C,14,13,110,10.119596,3,1.2345679
269,N(-C=N=C(-C=C=C=N=C)=C=C)-C-C,13,12,111,10.211592,3,1.2345679
270,N(-C=N=C(-C=C=C=N)=C=C)-C-C,12,11,112,10.303588,3,1.2345679
271,N(-C=N=C(-C=C=C=C)=C=C)-C-C,12,11,112,10.303588,3,1.2345679
272,N(-C=N=C(-C=C=C)=C=C)-C-C,11,10,113,10.395584,3,1.2345679
273,N(-C=N=C(-C=C(=C)=C(=N=C=C)=N=C)=C)-C-C,16,15,140,12.879485,4,1.6460905
274,N(-C=N=C(-C=C(=C=C)=C=N=C)=C)-C-C,14,13,144,13.24747,4,1.6460905
275,N(-C=N=C(-C=C(=C=C)=C=N)=C)-C-C,13,12,145,13.339466,4,1.6460905
276,N(-C=N=C(-C=C=C=N=C=C=C)=C)-C-C,14,13,140,12.879485,4,1.6460905
277,N(-C=N=C(-C=C=C=C)=C)-C-C,11,10,147,13.523459,4,1.6460905
278,N(-C=N=C(-C)=C=C)-C-C,9,8,114,10.48758,3,1.2345679
279,N1-C-C2=C3=C(=N=C=C=C=3-C3=C=C=C=C=C-1=3)=N=C=2-C(-C-C-N)=C-C,23,26,121,11.131555,4,1.6460905
280,N1-C-C2=C3=C(=N=C=C=C=3-C3=C=C=C=C=C-1=3)=N=C=2-C(-C-C)=C-C,22,25,146,13.431462,4,1.6460905
281,N1-C-C2=C3=C(=N=C=C=C=3-C3=C=C=C=C=C-1=3)=N=C=2-C(-C-C-N-C)=C,23,26,121,11.131555,4,1.6460905
282,N1-C-C2=C3=C(=N=C=C=C=3-C3=C=C=C=C=C-1=3)=N=C=2-C(-C)=C-C,21,24,155,14.25943,4,1.6460905
283,N(-C-C)-C1=C(-C2=C=C=N=C(=N=C-C(-C-C-N)=C-C)=C=2)=C=C=C=C=1,23,24,125,11.49954,4,1.6460905
284,N(-C-C)-C1=C(-C2=C=C=N=C(=N=C-C(-C-C)=C-C)=C=2)=C=C=C=C=1,22,23,150,13.799448,4,1.6460905
285,N(-C-C)-C1=C(-C2=C=C=N=C(=N=C-C(-C-C-N-C)=C)=C=2)=C=C=C=C=1,23,24,125,11.49954,4,1.6460905
286,N(-C-C)-C1=C(-C2=C=C=N=C(=N=C-C(-C)=C-C)=C=2)=C=C=C=C=1,21,22,159,14.627415,4,1.6460905
287,N1-C-C2=C3=C(=N=C=C=C=3-C(=C=C=C)=C-1)=N=C=2-C(-C-C-N)=C-C,22,24,125,11.49954,4,1.6460905
288,N1-C-C2=C3=C(=N=C=C=C=3-C(=C=C=C)=C-1)=N=C=2-C(-C-C)=C-C,21,23,150,13.799448,4,1.6460905
289,N1-C-C2=C3=C(=N=C=C=C=3-C(=C=C=C)=C-1)=N=C=2-C(-C-C-N-C)=C,22,24,125,11.49954,4,1.6460905
290,N1-C-C2=C3=C(=N=C=C=C=3-C(=C=C=C)=C-1)=N=C=2-C(-C)=C-C,20,22,159,14.627415,4,1.6460905
291,N(-C-C)-C=C(-C1=C=C=N=C(=N=C-C(-C-C-N)=C-C)=C=1)=C=C=C,22,22,129,11.867525,4,1.6460905
292,N(-C-C)-C=C(-C1=C=C=N=C(=N=C-C(-C-C)=C-C)=C=1)=C=C=C,21,21,154,14.167434,4,1.6460905
293,N(-C-C)-C=C(-C1=C=C=N=C(=N=C-C(-C-C-N-C)=C)=C=1)=C=C=C,22,22,129,11.867525,4,1.6460905
294,N(-C-C)-C=C(-C1=C=C=N=C(=N=C-C(-C)=C-C)=C=1)=C=C=C,20,20,163,14.9954,4,1.6460905
295,N(-C-C-C(-C-C)-C=C=C=C=C=C)-C,13,12,119,10.947562,3,1.2345679
296,N(-C-C-C(-C-C)-C)-C,8,7,147,13.523459,4,1.6460905
297,N(-C)-C-C-C(-C1=C=C2=C(-C3=C=C=C=C=C=3)=C=C=N=C=2=N=1)=C-C,22,24,140,12.879485,4,1.6460905
298,N(-C)-C-C-C(-C1=C=C2=C(-C(=C=C=C)=C)=C=C=N=C=2=N=1)=C-C,21,22,142,13.0634775,4,1.6460905
299,N(-C)-C-C-C(-C1=C=C2=C(-C(=C)=C=C=C)=C=C=N=C=2=N=1)=C-C,21,22,142,13.0634775,4,1.6460905
300,N(-C)-C-C-C(-C1=C=C2=C(-C=C)=C=C=N=C=2=N=1)=C-C,18,19,148,13.615456,4,1.6460905
301,N(-C-C-C(-C1=N=C2=N=C=C=C(-C3=C=C=C=C=C=3-N-C)=C=2=C=1-C)=C)-C,24,26,124,11.407544,4,1.6460905
302,N(-C-C-C(-C1=N=C2=N=C=C=C(-C3=C=C=C=C=C=3-N)=C=2=C=1-C)=C)-C,23,25,125,11.49954,4,1.6460905
303,N(-C-C-C(-C1=N=C2=N=C=C=C(-C(=C=C=C)=C-N-C)=C=2=C=1-C)=C)-C,23,24,128,11.775529,4,1.6460905
304,N(-C-C-C(-C1=N=C2=N=C=C=C(-C(=C=C=C)=C-N)=C=2=C=1-C)=C)-C,22,23,129,11.867525,4,1.6460905
305,N(-C-C-C(-C1=N=C2=N=C=C=C(-C3=C=C=C=C=C=3)=C=2=C=1-C)=C)-C,22,24,137,12.603496,4,1.6460905
306,N(-C-C-C(-C1=N=C2=N=C=C=C(-C(=C=C=C)=C)=C=2=C=1-C)=C)-C,21,22,141,12.971481,4,1.6460905
307,N(-C-C-C(-C1=N=C2=N=C=C=C(-C3=C=C=C=C=C=3-N-C)=C=2=C=1)=C)-C,23,25,125,11.49954,4,1.6460905
308,N(-C-C-C(-C1=N=C2=N=C=C=C(-C(=C=C=C)=C-N-C)=C=2=C=1)=C)-C,22,23,129,11.867525,4,1.6460905
309,N(-C)-C-C-C(-C1=C=C2=C(-C3=C=C=C=C=C=3)=C=C=N=C=2=N=1)=C,21,23,188,17.29531,4,1.6460905
310,N(-C)-C-C-C(-C1=C=C2=C(-C(=C=C=C)=C)=C=C=N=C=2=N=1)=C,20,21,192,17.663294,4,1.6460905
311,N(-C)-C-C-C(-C1=C=C2=C(-C(=C)=C=C=C)=C=C=N=C=2=N=1)=C,20,21,192,17.663294,4,1.6460905
312,N(-C)-C-C-C(-C1=N=C2=C(=C=1)=C(-C=C=C=C=C)=C=C=N=2)=C,20,21,194,17.847286,4,1.6460905
313,N(-C)-C-C-C(-C1=N=C2=C(=C=1)=C(-C=C=C=C)=C=C=N=2)=C,19,20,198,18.215271,4,1.6460905
314,N(-C)-C-C-C(-C1=N=C2=C(=C=1)=C(-C=C)=C=C=N=2)=C,17,18,208,19.135235,4,1.6460905
315,N(-C-C-C-C1=N=C2=C(=C=1)=C(-C(=C)=N=C(-N)=C)=C=C=N=2)-C,20,21,110,10.119596,3,1.2345679
316,N(-C-C=C(-C-C)-C1=C=C2=C(-C3=C=C=C=C=C=3)=C=C=N=C=2=N=1)-C,22,24,136,12.511499,4,1.6460905
317,N(-C-C=C(-C-C)-C1=C=C2=C(-C(=C=C=C)=C)=C=C=N=C=2=N=1)-C,21,22,138,12.695492,4,1.6460905
318,N(-C-C=C(-C-C)-C1=C=C2=C(-C(=C)=C=C=C)=C=C=N=C=2=N=1)-C,21,22,138,12.695492,4,1.6460905
319,N(-C-C=C(-C-C)-C1=C=C2=C(-C=C)=C=C=N=C=2=N=1)-C,18,19,144,13.24747,4,1.6460905
320,N(-C-C=C(-C)-C=C)-C,8,7,203,18.675253,4,1.6460905
321,N(-C-C=C-C=C=C=C=N=C)-C,11,10,204,18.76725,4,1.6460905
322,N(-C1=N=C(-C=C=C=C)=C=C=N=1)-C,12,12,109,10.027599,3,1.2345679
323,N(-C1=N=C(-C=C=C)=C=C=N=1)-C,11,11,110,10.119596,4,1.6460905
324,N(-C(=N=C-C=C=C=C=C)=N=C)-C,12,11,114,10.48758,3,1.2345679
325,N(-C(=N=C-C=C=C=C)=N=C)-C,11,10,115,10.5795765,3,1.2345679
326,N(-C(=N=C-C=C=C)=N=C)-C,10,9,116,10.671573,4,1.6460905
327,N(-C(=N=C(-C1=C2=C=C(-C(-C-C)-C)=N=C=2=N=C=C=1)=C)=C)-C,20,21,117,10.76357,4,1.6460905
328,N(-C(=N=C(-C1=C2=C=C(-C-C-C-N)=N=C=2=N=C=C=1)=C)=C)-C,20,21,110,10.119596,2,0.82304525
329,N(-C=N=C(-C(=C=C=N=C)=C)=C=C)-C,13,12,110,10.119596,4,1.6460905
330,N(-C=N=C(-C(=C=C=C(-C(-C)-C)=N)=C=C)=C)-C,16,15,118,10.855566,4,1.6460905
331,N(-C=N=C=C=C-C=C=C=C=C)-C,12,11,115,10.5795765,3,1.2345679
332,N(-C)-C1=C(-C2=C=C=N=C3=N=C(-C(-C-C-N)=C-C)=C(-C)=C=3=2)=C=C=C=C=1,24,26,124,11.407544,4,1.6460905
333,N(-C)-C1=C(-C2=C=C=N=C3=N=C(-C(-C-C)=C-C)=C(-C)=C=3=2)=C=C=C=C=1,23,25,149,13.707452,4,1.6460905
334,N(-C)-C1=C(-C2=C=C=N=C3=N=C(-C(-C)=C-C)=C(-C)=C=3=2)=C=C=C=C=1,22,24,158,14.5354185,4,1.6460905
335,N(-C)-C1=C(-C2=C=C=N=C3=N=C(-C(-C-C-N)=C-C)=C=C=3=2)=C=C=C=C=1,23,25,125,11.49954,4,1.6460905
336,N(-C)-C1=C(-C2=C=C=N=C3=N=C(-C(-C-C)=C-C)=C=C=3=2)=C=C=C=C=1,22,24,150,13.799448,4,1.6460905
337,N(-C)-C1=C(-C2=C=C=N=C3=N=C(-C(-C)=C-C)=C=C=3=2)=C=C=C=C=1,21,23,159,14.627415,4,1.6460905
338,N(-C)-C=C(-C1=C=C=N=C2=N=C(-C(-C-C-N)=C-C)=C(-C)=C=2=1)=C=C=C,23,24,128,11.775529,4,1.6460905
339,N(-C)-C=C(-C1=C=C=N=C2=N=C(-C(-C-C)=C-C)=C(-C)=C=2=1)=C=C=C,22,23,153,14.075437,4,1.6460905
340,N(-C)-C=C(-C1=C=C=N=C2=N=C(-C(-C)=C-C)=C(-C)=C=2=1)=C=C=C,21,22,162,14.903404,4,1.6460905
341,N(-C)-C=C(-C1=C=C=N=C2=N=C(-C(-C-C-N)=C-C)=C=C=2=1)=C=C=C,22,23,129,11.867525,4,1.6460905
342,N(-C)-C=C(-C1=C=C=N=C2=N=C(-C(-C-C)=C-C)=C=C=2=1)=C=C=C,21,22,154,14.167434,4,1.6460905
343,N(-C)-C=C(-C1=C=C=N=C2=N=C(-C(-C)=C-C)=C=C=2=1)=C=C=C,20,21,163,14.9954,4,1.6460905
344,N(-C=C=C=C=C-C=C=C=N)-C,11,10,109,10.027599,4,1.6460905
345,N-C-C-C(-C1=N=C2=N=C=C=C(-C3=C=C=C=C=C=3-N)=C=2=C=1-C)=C-C,23,25,125,11.49954,4,1.6460905
346,N-C-C-C(-C1=N=C2=N=C=C=C(-C(=C=C=C)=C-N)=C=2=C=1-C)=C-C,22,23,129,11.867525,4,1.6460905
347,N-C-C-C(-C1=N=C2=N=C=C=C(-C3=C=C=C=C=C=3)=C=2=C=1-C)=C-C,22,24,137,12.603496,4,1.6460905
348,N-C-C-C(-C1=N=C2=N=C=C=C(-C(=C=C=C)=C)=C=2=C=1-C)=C-C,21,22,141,12.971481,4,1.6460905
349,N-C-C-C(-C1=C=C2=C(-C3=C=C=C=C=C=3)=C=C=N=C=2=N=1)=C-C,21,23,188,17.29531,4,1.6460905
350,N-C-C-C(-C1=C=C2=C(-C(=C=C=C)=C)=C=C=N=C=2=N=1)=C-C,20,21,192,17.663294,4,1.6460905
351,N-C-C-C(-C1=C=C2=C(-C(=C)=C=C=C)=C=C=N=C=2=N=1)=C-C,20,21,192,17.663294,4,1.6460905
352,N-C-C-C(-C1=N=C2=C(=C=1)=C(-C=C=C=C=C)=C=C=N=2)=C-C,20,21,194,17.847286,4,1.6460905
353,N-C-C-C(-C1=N=C2=C(=C=1)=C(-C=C=C=C)=C=C=N=2)=C-C,19,20,198,18.215271,4,1.6460905
354,N-C-C-C(-C1=N=C2=C(=C=1)=C(-C=C)=C=C=N=2)=C-C,17,18,208,19.135235,4,1.6460905
355,N-C-C-C-C1=N=C2=C(=C=1)=C(-C(=C)=N=C(-N)=C)=C=C=N=2,19,20,112,10.303588,3,1.2345679
356,N-C-C(=C=C=C=C)=C-C(-C)=C,11,10,160,14.719411,4,1.6460905
357,N-C1=C(-C2=C=C=N=C3=N=C(-C(-C-C)=C-C)=C(-C)=C=3=2)=C=C=C=C=1,22,24,150,13.799448,4,1.6460905
358,N-C1=C(-C2=C=C=N=C3=N=C(-C(-C)=C-C)=C(-C)=C=3=2)=C=C=C=C=1,21,23,159,14.627415,4,1.6460905
359,N-C=C(-C1=C=C=N=C2=N=C(-C(-C-C)=C-C)=C(-C)=C=2=1)=C=C=C,21,22,154,14.167434,4,1.6460905
360,N-C=C(-C1=C=C=N=C2=N=C(-C(-C)=C-C)=C(-C)=C=2=1)=C=C=C,20,21,163,14.9954,4,1.6460905
361,N1=C2=C(=C=C=1-C(-C)-C)=C(-C(=C=C)=C=C)=C=C=N=2,17,18,112,10.303588,2,0.82304525
362,N1=C2=C(=C=C=1-C(-C)-C)=C(-C(=C=C)=C)=C=C=N=2,16,17,112,10.303588,3,1.2345679
363,N1=C2=C(=C=C=1-C(-C)-C)=C(-C(=C)=C=C)=C=C=N=2,16,17,112,10.303588,3,1.2345679
364,N1=C2=N=C=C=C(-C3=C=C=C=C=C=3)=C=2=C(-C)=C=1-C(-C-C)=C-C,21,23,162,14.903404,4,1.6460905
365,N1=C2=N=C=C=C(-C(=C=C=C)=C)=C=2=C(-C)=C=1-C(-C-C)=C-C,20,21,166,15.271389,4,1.6460905
366,N1=C2=N=C=C=C(-C3=C=C=C=C=C=3)=C=2=C(-C)=C=1-C(-C)=C-C,20,22,171,15.731371,4,1.6460905
367,N1=C2=N=C=C=C(-C(=C=C=C)=C)=C=2=C(-C)=C=1-C(-C)=C-C,19,20,175,16.099356,4,1.6460905
368,N1=C(-C(-C-C)=C-C)=C=C2=C(-C3=C=C=C=C=C=3)=C=C=N=C=1=2,20,22,236,21.711132,4,1.6460905
369,N1=C(-C(-C-C)=C-C)=C=C2=C(-C(=C=C=C)=C)=C=C=N=C=1=2,19,20,240,22.079117,4,1.6460905
370,N1=C(-C(-C-C)=C-C)=C=C2=C(-C(=C)=C=C=C)=C=C=N=C=1=2,19,20,240,22.079117,4,1.6460905
371,N1=C2=C(=C=C=1-C(-C-C)=C-C)=C(-C=C=C=C=C)=C=C=N=2,19,20,242,22.26311,4,1.6460905
372,N1=C2=C(=C=C=1-C(-C-C)=C-C)=C(-C=C=C=C)=C=C=N=2,18,19,246,22.631094,4,1.6460905
373,N1=C(-C(-C)=C-C)=C=C2=C(-C3=C=C=C=C=C=3)=C=C=N=C=1=2,19,21,245,22.539099,4,1.6460905
374,N1=C(-C(-C)=C-C)=C=C2=C(-C(=C=C=C)=C)=C=C=N=C=1=2,18,19,249,22.907084,4,1.6460905
375,N1=C(-C(-C)=C-C)=C=C2=C(-C(=C)=C=C=C)=C=C=N=C=1=2,18,19,249,22.907084,4,1.6460905
376,N1=C2=C(=C=C=1-C(-C)=C-C)=C(-C=C=C=C=C)=C=C=N=2,18,19,251,23.091076,4,1.6460905
377,N1=C2=C(=C=C=1-C(-C)=C-C)=C(-C=C=C=C)=C=C=N=2,17,18,255,23.459063,4,1.6460905
378,N1=C2=C(=C=C=1-C-C-C-C)=C(-C1=C=C=C=C=C=1)=C=C=N=2,19,21,111,10.211592,2,0.82304525
379,N1=C2=C(=C=C=1-C-C-C-C)=C(-C(=C=C)=C=C)=C=C=N=2,18,19,114,10.48758,2,0.82304525
380,N(=C)=C(=C(=C=C-C=C-C)=C(-C=C=C)=C)=N,15,14,256,23.551058,4,1.6460905
381,C(-C=C(-C)=C=C=C=C)(-C)=C,10,9,176,16.191353,4,1.6460905
382,C(-C)-C=C-C-C,6,5,113,10.395584,2,0.82304525
383,C(-C=C-C=C=C=C(-C)=C=C)-C,11,10,110,10.119596,1,0.41152263
384,C(-C=C-C=C=C=C(-C)=C)-C,10,9,111,10.211592,1,0.41152263
